event,location,zipcode,count
CAPITAL AREA MISSOURI NOW,MO,65109,68
CITIZENS FOR A DEMOCRATIC SOCIETY (CDS),MO,,68
CLAYTON MO HUDDLE,MO,63105,68
CODERS FOR THE PEOPLE,MO,,68
COLLEGE DEMOCRATS AT SOUTHEAST MISSOURI STATE UNIVERSITY,MO,63701,68
COMMUNITY OF HOPE AND RESISTANCE,MO,,68
COMO FOR PROGRESS,MO,,68
DEMOCRATS FOR ACTION,MO,,68
FORWARD TOGETHER IN ACTION,MO,63119,68
GREATER KANSAS CITY WOMEN'S POLITICAL CAUCUS,MO,,68
HOWARD COUNTY PROGRESSIVES,MO,65248,68
INDIVISIBLE DOUGLAS/OZARK COUNTY,MO,,68
INDIVISIBLE JOPLIN: PLAN MO,MO,,68
INDIVISIBLE MINERAL AREA,MO,63601,68
INDIVISIBLE MO-5,MO,,68
INDIVISIBLE NEMO,MO,,68
INDIVISIBLE PHELPS,MO,,68
INDIVISIBLE PULASKI COUNTY MISSOURI,MO,,68
INDIVISIBLE RURAL PROGRESSIVES OF THE EIGHTH DISTRICT,MO,,68
INDIVISIBLE SENIORS MISSOURI,MO,,68
INDIVISIBLE SENIORS MISSOURI - KC,MO,,68
INDIVISIBLE SOUTHWEST MISSOURI,MO,,68
INDIVISIBLE SPRINGFIELD MISSOURI,MO,,68
INDIVISIBLE SPRINGFIELD MO,MO,,68
INDIVISIBLE ST. CHARLES HOPE,MO,,68
INDIVISIBLE ST. LOUIS CITY,MO,,68
JEFFERSON CITY AREA INDIVISIBLE,MO,,68
LADY LIBERTY RAPID RESPONSE TEAM,MO,,68
LET'S DO THIS. STL.,MO,,68
LIBERAL WOMEN UNITE SOUTHEAST MO,MO,,68
LIBERAL WOMEN UNITE-SOUTHEAST MO CHAPTER,MO,63701,68
LINN COUNTY DEMOCRAT CLUB,MO,,68
MID-MO INDIVISIBLE,MO,,68
MISSOURI WOMEN'S POLITICAL CAUCUS,MO,,68
MO MEDICAID COALITION,MO,,68
MOMENTUM: MISSOURI MOVING FORWARD,MO,,68
MOMS DEMAND ACTION FOR GUN SENSE,MO,,68
NORTH EAST MO RESIST,MO,,68
NORTHLAND DEMOCRATIC CLUB,MO,64116,68
OUR REVOLUTION - ST. JOSEPH,MO,,68
OUR REVOLUTION: MID-MISSOURI,MO,,68
OZARK WILDERNESS LEAGUE-PEOPLE'S ACTION COALITION,MO,,68
"OZARKS INDIVISIBLE IN SALEM, MISSOURI",MO,65560,68
PERSISTERHOOD OF ST. JOSEPH,MO,,68
PHYSICIANS FOR A NATIONAL HEALTH PROGRAM - MO CHAPTER,MO,,68
POLITICAL POSTCARD POTLUCK,MO,,68
PROGRESSIVE ACTION IN THE COMMUNITY,MO,,68
PROGRESSIVE PODS,MO,,68
PROGRESSIVES,MO,,68
"RACE MATTERS, FRIENDS. WE HAVE BEEN CHALLENGING CITY GOVERNMENT ON RACE & EQUITY ISSUES FOR 2 YEARS",MO,65201,68
RESIST HATE KC,MO,64118,68
RESISTANCE KC,MO,,68
RISE MOKAN,MO,,68
SEDALIA INDIVISIBLE AGAINST HATE,MO,65301,68
SHOW ME INDIVISIBLE,MO,,68
SMALL DEEDS DONE,MO,63104,68
"SOLIDARITY SUNDAY BOONVILLE, MO",MO,,68
ST. LOUIS INDIVISIBLE: A POLITICAL ACTION SALON,MO,63104,68
STAND AND RESIST: HOWELL COUNTY,MO,,68
STAND INDIVISIBLE/POPLAR BLUFF,MO,,68
STRONGER TOGETHER,MO,,68
SWAT,MO,,68
TAKE ACTION NOW FOR OUR DEMOCRACY,MO,,68
TAKE ACTION STL,MO,,68
THE JOHNWARLOCKGROUP,MO,,68
THE WHITE ROSE,MO,,68
WEST COUNTY HUDDLE,MO,63021,68
WEST COUNTY INDIVISIBLE NETWORK - ST. LOUIS (WIN-STL),MO,,68
INDIVISIBLE HEARTLAND,Omaha NE,68124,5
INDIVISIBLE NEBRASKANS,Omaha NE,68124,5
INDIVISIBLE OMAHA @2,Omaha NE,68124,5
INDIVISIBLE WITH JUSTICE FOR ALL,Omaha NE,68124,5
"LIKE MINDED PEOPLE IN OMAHA, NE.",Omaha NE,68124,5
INDIVISIBLE OKLAHOMA CITY,Oklahoma City OK,73109,4
INDIVISIBLE OKSOCIALMEDIA,Oklahoma City OK,73109,4
OKLAHOMA PROGRESSIVE NETWORK,Oklahoma City OK,73109,4
PLANNED PARENTHOOD GREAT PLAINS VOTES,Oklahoma City OK,73109,4
INDIVISIBLE LINCOLN,Lincoln NE,68508,3
NEBRASKANS AGAINST GUN VIOLENCE,Lincoln NE,68508,3
RESIST-TRUMP.ORG,Lincoln NE,68508,3
INDIVISIBLE SOUTH TULSA,Tulsa OK,74119,3
INDIVISIBLE TULSA,Tulsa OK,74119,3
TULSA ACTIVISTS CENTRAL,Tulsa OK,74119,3
LEFT UP TO US,Austin TX,78702,2
TX-10 INDIVISIBLE,Austin TX,78702,2
KEARNEY ACTION NETWORK,Kearney NE,68847,2
KEARNEY INDIVISIBLE,Kearney NE,68847,2
INDIVISIBLE LAWTON,Lawton OK,73501,2
INDIVISIBLE OKLAHOMA,Lawton OK,73501,2
DEMOCRATS OF OTTAWA COUNTY OKLAHOMA,Miami OK,74354,2
INDIVISIBLE MIAMI OK,Miami OK,74354,2
INDIVISIBLE GUIDE NORMAN OKLAHOMA,Norman OK,73069,2
RESIST! INDIVISIBLE NORMAN,Norman OK,73069,2
CENTRAL MINNESOTA ACCOUNTABILITY IN ACTION,Saint Cloud MN,56301,2
ST.CLOUD ACTIVIST,Saint Cloud MN,56301,2
THE ARIZONA GROUND GAME (TAGG),Tucson AZ,85701,2
TUCSON AMBASSADORS FOR CONSTITUTIONAL RIGHTS,Tucson AZ,85701,2
INDIVISIBLE ADA,Ada OK,,1
ALBUQUERQUE COORDINATORS,Albuquerque NM,,1
TX-34 INDIVISIBLE (SOUTH TEXAS): RESISTING THE TRUMP AGENDA IN SOUTH TEXAS,Alice TX,,1
INDIVISIBLE ALTUS,Altus OK,,1
INDIVISIBLE ANN ARBOR,Ann Arbor MI,,1
INDIVISIBLE ANTLERS,Antlers OK,,1
INDIVISIBLE ARDMORE,Ardmore OK,,1
INDIVISIBLE TOHONO,AZ,,1
INDIVISIBLE BARTLESVILLE,Bartlesville OK,,1
INDIVISIBLEBEAVERTON,Beaverton OR,,1
RESISTANCE GROUP,Bellingham WA,,1
INDIVISIBLE POLK COUNTY,Benton TN,,1
INDIVISIBLE - BEREA AND GREATER CLEAR CREEK COMMUNITY,Berea KY,,1
STAND UP MINNESOTA - SHERBURNE AREA PROGRESS MAKERS,Big Lake MN,,1
ELDER STREET COLLECTIVE,Boulder CO,,1
INDIVISIBLEBGKY,Bowling Green KY,,1
BURNSVILLE LAKEVILLE UNITED,Burnsville MN,,1
INDIVISIBLE EUSTIS,Cambridge MA,,1
THE SPRINGCOURT WATCHDOGS,Cherry Hill NJ,,1
INDIVISIBLE CHICKASHA,Chickasha OK,,1
INDIVISIBLE CROSSVILLE,Crossville TN,,1
PROGRESSIVE RURAL NEBRASKANS,David City NE,,1
"INDIVISIBLE LIBERTY AND CHAMBERS COUNTIES, TEXAS",Dayton TX,,1
INDIVISIBLE DAYTONA,Daytona Beach FL,,1
LANCASTER COUNTY DEMOCRATIC PARTY,Denton NE,,1
INDIVISIBLE DUNCAN,Duncan OK,,1
INDIVISIBLE DURANT,Durant OK,,1
INDIVISIBLE EDMOND,Edmond OK,,1
INDIVISIBLE EL RENO,El Reno OK,,1
INDIVISIBLE ENID,Enid OK,,1
INDIVISIBLE EUFAULA,Eufalula OK,,1
INDIVISIBLE FLETCHER,Fletcher OK,,1
GLENDALE INDIVISIBLE AGAINST INJUSTICE,Glendale AZ,,1
CAPE ANN DEMOCRATS,Gloucester MA,,1
INDIVISIBLE80121,Greenwood Village CO,,1
GRANDLAKE INDIVISIBLE,Grove OK,,1
INDIVISIBLE GUYMON,Guymon OK,,1
UNITED NEBRASKA,Hastings NE,,1
INDIVISIBLE HELENA,Helena MT,,1
SNAP (SOUTHEAST NEBRASKA AMERICANS FOR PROGRESS),Hickman NE,,1
PEACE AND JUSTICE COMMITTEE OF ST. CATHERINE OF SIENA PARISH,Ithaca NY,,1
RALLY FOR COMMON GROUND - KOHALA,Kapaau HI,,1
MARSHALL COUNTY DEMOCRATS OF OKLAHOMA,Kingston OK,,1
NORTHUMBERLAND INDIVISIBLE,Kinsale VA,,1
MOUNTAIN PEARLS,Lake City CO,,1
CITIZEN'S IMMIGRATION & REFUGEE ACTION COMMITTEE,Lancaster PA,,1
POLK BURNETT INDIVISIBLE,Luck WI,,1
INDIVISIBLE MCALESTER OK,MaAlester OK,,1
INDIVISIBLE EAST TENNESSEE,Maryville TN,,1
INDIVISIBLE MCAESTER,Mcalester OK,,1
LADY OF LIBERTY FORUM,Mcloud OK,,1
WOMEN IN ACTION - JUNIATA COUNTY,Mifflin PA,,1
REFUEL THE RESISTANCE,Milwaukee WI,,1
INDIVISIBLE TN-4 SOUTH CUMBERLAND PLATEAU,Monteagle TN,,1
INDIVISIBLE MUSKOGEE,muskogeeok OK,,1
INDIVISIBLE NOLA,New Orleans Louisiana,,1
ELEANOR ROOSEVELT DEMOCRATIC CLUB,New York NY,,1
INDIVISIBLE PEND OREILLE COUNTY,Newport WA,,1
SUIT UP NEBRASKA,North Platte NE,,1
INDIVISIBLE NORTH TULSA,North Tulsa OK,,1
INDIVISIBLE OWASSO OKLAHOMA,Owasso OK,,1
INDIVISIBLE PAULS VALLEY,Pauls Valley OK,,1
BLUE MOUNTAIN OR MARCHERS,Pendleton OR,,1
IUNITY MEETINGS!,Phoenix AZ,,1
MULTNOMAH VILLAGE PEOPLE (MVP),Portland OR,,1
HAWKINS COUNTY INDIVISIBLE,Rogersville Tennessee,,1
INDIVISIBLE HARDIN COUNTY,Savannah TN,,1
INDIVISIBLE SEQUOYAH COUNTY,Sequoyah OK,,1
INDIVISIBLE SHAWNEE,Shawnee OK,,1
SHELBYVILLE INDIVISIBLE,Shelbyville TN,,1
MARCHING FORWARD,South Dartmouth MA,,1
INDIVISIBLE STILLWATER,Stillwater OK,,1
"NEED A GROUP CONTACT NEAR HIGHLAND PARK, ILL--60035",Sturgeon Bay WI,,1
INDIVISIBLE CHEROKEE COUNTY,Tahlequah OK,,1
INDIVISIBLE BACKBONE,Vashon WA,,1
INDIVISABLE HAYS,Wakeeney KS,,1
INDIVISIBLE WEATHERFORD,Weatherford OK,,1
WINDHAM AREA PROGRESSIVE ACTION,Willimantic CT,,1
INDIVISIBLE WOODWARD,Woodward OK,,1
INDIVISIBLE YUKON,Yukon OK,,1
